;note_num;note_name
0;33.0;a'''
1;0.0;c'
2;15.0;dis''
3;17.0;f''
4;6.0;fis'
5;1.0;cis'
6;9.0;a'
7;21.0;a''
8;16.0;e''
9;7.0;g'
10;28.0;e'''
11;6.0;fis'
12;1.0;cis'
13;29.0;f'''
14;18.0;fis''
15;30.0;fis'''
16;23.0;b''
17;5.0;f'
18;5.0;f'
19;25.0;cis'''
20;9.0;a'
21;25.0;cis'''
22;34.0;ais'''
23;24.0;c'''
24;31.0;g'''
25;12.0;c''
26;28.0;e'''
27;13.0;cis''
28;17.0;f''
29;14.0;d''
30;27.0;dis'''
31;19.0;g''
32;34.0;ais'''
33;23.0;b''
34;7.0;g'
35;3.0;dis'
36;21.0;a''
37;7.0;g'
38;23.0;b''
39;29.0;f'''
40;15.0;dis''
41;1.0;cis'
42;33.0;a'''
43;30.0;fis'''
44;19.0;g''
45;17.0;f''
46;7.0;g'
47;30.0;fis'''
48;16.0;e''
49;18.0;fis''
50;21.0;a''
51;23.0;b''
52;33.0;a'''
53;30.0;fis'''
54;1.0;cis'
55;18.0;fis''
56;31.0;g'''
57;25.0;cis'''
58;28.0;e'''
59;7.0;g'
60;17.0;f''
61;17.0;f''
62;18.0;fis''
63;9.0;a'
64;33.0;a'''
65;1.0;cis'
66;15.0;dis''
67;2.0;d'
68;0.0;c'
69;10.0;ais'
70;2.0;d'
71;28.0;e'''
72;5.0;f'
73;28.0;e'''
74;23.0;b''
75;29.0;f'''
76;2.0;d'
77;12.0;c''
78;23.0;b''
79;23.0;b''
80;29.0;f'''
81;3.0;dis'
82;5.0;f'
83;7.0;g'
84;3.0;dis'
85;12.0;c''
86;11.0;b'
87;2.0;d'
88;15.0;dis''
89;20.0;gis''
90;25.0;cis'''
91;3.0;dis'
92;7.0;g'
93;4.0;e'
94;8.0;gis'
95;30.0;fis'''
96;19.0;g''
97;18.0;fis''
98;23.0;b''
99;24.0;c'''
100;6.0;fis'
101;0.0;c'
102;5.0;f'
103;23.0;b''
104;18.0;fis''
105;8.0;gis'
106;4.0;e'
107;7.0;g'
108;22.0;ais''
109;31.0;g'''
110;7.0;g'
111;29.0;f'''
112;30.0;fis'''
113;19.0;g''
114;11.0;b'
115;10.0;ais'
116;20.0;gis''
117;13.0;cis''
118;29.0;f'''
119;29.0;f'''
120;9.0;a'
121;29.0;f'''
122;19.0;g''
123;16.0;e''
124;24.0;c'''
125;11.0;b'
126;20.0;gis''
127;3.0;dis'
128;4.0;e'
129;13.0;cis''
130;29.0;f'''
131;27.0;dis'''
132;6.0;fis'
133;1.0;cis'
134;14.0;d''
135;28.0;e'''
136;22.0;ais''
137;20.0;gis''
138;27.0;dis'''
139;1.0;cis'
140;23.0;b''
141;14.0;d''
142;10.0;ais'
143;18.0;fis''
144;19.0;g''
145;9.0;a'
146;23.0;b''
147;23.0;b''
148;17.0;f''
149;25.0;cis'''
150;16.0;e''
151;9.0;a'
152;10.0;ais'
153;21.0;a''
154;12.0;c''
155;7.0;g'
156;5.0;f'
157;7.0;g'
158;6.0;fis'
159;15.0;dis''
160;15.0;dis''
161;23.0;b''
162;19.0;g''
163;15.0;dis''
164;27.0;dis'''
165;2.0;d'
166;16.0;e''
167;31.0;g'''
168;7.0;g'
169;8.0;gis'
170;7.0;g'
171;1.0;cis'
172;28.0;e'''
173;8.0;gis'
174;24.0;c'''
175;10.0;ais'
176;14.0;d''
177;13.0;cis''
178;15.0;dis''
179;22.0;ais''
180;26.0;d'''
181;21.0;a''
182;23.0;b''
183;1.0;cis'
184;29.0;f'''
185;3.0;dis'
186;4.0;e'
187;32.0;gis'''
188;28.0;e'''
189;8.0;gis'
190;3.0;dis'
191;13.0;cis''
192;8.0;gis'
193;2.0;d'
194;19.0;g''
195;13.0;cis''
196;0.0;c'
197;26.0;d'''
198;25.0;cis'''
199;19.0;g''
200;32.0;gis'''
201;13.0;cis''
202;17.0;f''
203;25.0;cis'''
204;10.0;ais'
205;1.0;cis'
206;10.0;ais'
207;18.0;fis''
208;10.0;ais'
209;22.0;ais''
210;22.0;ais''
211;30.0;fis'''
212;17.0;f''
213;23.0;b''
214;16.0;e''
215;11.0;b'
216;32.0;gis'''
217;17.0;f''
218;16.0;e''
219;24.0;c'''
220;29.0;f'''
221;20.0;gis''
222;29.0;f'''
223;0.0;c'
224;30.0;fis'''
225;4.0;e'
226;3.0;dis'
227;14.0;d''
228;3.0;dis'
229;5.0;f'
230;30.0;fis'''
231;0.0;c'
232;11.0;b'
233;11.0;b'
234;19.0;g''
235;19.0;g''
236;30.0;fis'''
237;9.0;a'
238;9.0;a'
239;29.0;f'''
240;5.0;f'
241;3.0;dis'
242;24.0;c'''
243;0.0;c'
244;31.0;g'''
245;6.0;fis'
246;31.0;g'''
247;12.0;c''
248;21.0;a''
249;5.0;f'
250;20.0;gis''
251;17.0;f''
252;34.0;ais'''
253;17.0;f''
254;6.0;fis'
255;30.0;fis'''
256;27.0;dis'''
257;27.0;dis'''
258;13.0;cis''
259;5.0;f'
260;7.0;g'
261;32.0;gis'''
262;28.0;e'''
263;16.0;e''
264;0.0;c'
265;1.0;cis'
266;10.0;ais'
267;22.0;ais''
268;19.0;g''
269;18.0;fis''
270;26.0;d'''
271;1.0;cis'
272;8.0;gis'
273;9.0;a'
274;1.0;cis'
275;12.0;c''
276;28.0;e'''
277;10.0;ais'
278;10.0;ais'
279;18.0;fis''
280;10.0;ais'
281;6.0;fis'
282;28.0;e'''
283;32.0;gis'''
284;5.0;f'
285;12.0;c''
286;9.0;a'
287;4.0;e'
288;26.0;d'''
289;1.0;cis'
290;19.0;g''
291;20.0;gis''
292;23.0;b''
293;31.0;g'''
294;11.0;b'
295;16.0;e''
296;12.0;c''
297;6.0;fis'
298;1.0;cis'
299;16.0;e''
300;15.0;dis''
301;2.0;d'
302;12.0;c''
303;27.0;dis'''
304;6.0;fis'
305;19.0;g''
306;10.0;ais'
307;14.0;d''
308;18.0;fis''
309;14.0;d''
310;30.0;fis'''
311;0.0;c'
312;17.0;f''
313;8.0;gis'
314;7.0;g'
315;1.0;cis'
316;4.0;e'
317;12.0;c''
318;2.0;d'
319;0.0;c'
320;22.0;ais''
321;18.0;fis''
322;19.0;g''
323;21.0;a''
324;30.0;fis'''
325;29.0;f'''
326;21.0;a''
327;19.0;g''
328;3.0;dis'
329;15.0;dis''
330;18.0;fis''
331;0.0;c'
332;9.0;a'
333;28.0;e'''
334;32.0;gis'''
335;29.0;f'''
336;28.0;e'''
337;8.0;gis'
338;5.0;f'
339;23.0;b''
340;23.0;b''
341;9.0;a'
342;3.0;dis'
343;13.0;cis''
344;9.0;a'
345;29.0;f'''
346;25.0;cis'''
347;2.0;d'
348;4.0;e'
349;5.0;f'
350;2.0;d'
351;33.0;a'''
352;19.0;g''
353;33.0;a'''
354;14.0;d''
355;8.0;gis'
356;5.0;f'
357;28.0;e'''
358;14.0;d''
359;6.0;fis'
360;30.0;fis'''
361;30.0;fis'''
362;5.0;f'
363;33.0;a'''
364;14.0;d''
365;19.0;g''
366;34.0;ais'''
367;12.0;c''
368;2.0;d'
369;15.0;dis''
370;11.0;b'
371;14.0;d''
372;2.0;d'
373;27.0;dis'''
374;30.0;fis'''
375;16.0;e''
376;24.0;c'''
377;31.0;g'''
378;13.0;cis''
379;30.0;fis'''
380;14.0;d''
381;28.0;e'''
382;24.0;c'''
383;27.0;dis'''
384;16.0;e''
385;9.0;a'
386;17.0;f''
387;32.0;gis'''
388;27.0;dis'''
389;19.0;g''
390;30.0;fis'''
391;27.0;dis'''
392;10.0;ais'
393;7.0;g'
394;9.0;a'
395;33.0;a'''
396;16.0;e''
397;23.0;b''
398;11.0;b'
399;9.0;a'
400;18.0;fis''
401;1.0;cis'
402;11.0;b'
403;33.0;a'''
404;3.0;dis'
405;5.0;f'
406;33.0;a'''
407;18.0;fis''
408;10.0;ais'
409;16.0;e''
410;29.0;f'''
411;14.0;d''
412;21.0;a''
413;32.0;gis'''
414;17.0;f''
415;21.0;a''
416;16.0;e''
417;29.0;f'''
418;13.0;cis''
419;3.0;dis'
420;15.0;dis''
421;17.0;f''
422;34.0;ais'''
423;34.0;ais'''
424;32.0;gis'''
425;14.0;d''
426;27.0;dis'''
427;26.0;d'''
428;15.0;dis''
429;12.0;c''
430;28.0;e'''
431;22.0;ais''
432;7.0;g'
433;2.0;d'
434;5.0;f'
435;26.0;d'''
436;6.0;fis'
437;1.0;cis'
438;16.0;e''
439;0.0;c'
440;4.0;e'
441;27.0;dis'''
442;8.0;gis'
443;20.0;gis''
444;16.0;e''
445;4.0;e'
446;16.0;e''
447;23.0;b''
448;7.0;g'
449;26.0;d'''
450;15.0;dis''
451;21.0;a''
452;31.0;g'''
453;24.0;c'''
454;23.0;b''
455;7.0;g'
456;11.0;b'
457;16.0;e''
458;6.0;fis'
459;21.0;a''
460;18.0;fis''
461;18.0;fis''
462;7.0;g'
463;16.0;e''
464;13.0;cis''
465;32.0;gis'''
466;13.0;cis''
467;12.0;c''
468;32.0;gis'''
469;14.0;d''
470;11.0;b'
471;31.0;g'''
472;17.0;f''
473;32.0;gis'''
474;4.0;e'
475;10.0;ais'
476;12.0;c''
477;11.0;b'
478;33.0;a'''
479;18.0;fis''
480;29.0;f'''
481;9.0;a'
482;18.0;fis''
483;2.0;d'
484;15.0;dis''
485;19.0;g''
486;23.0;b''
487;24.0;c'''
488;1.0;cis'
489;17.0;f''
490;10.0;ais'
491;32.0;gis'''
492;26.0;d'''
493;21.0;a''
494;34.0;ais'''
495;6.0;fis'
496;13.0;cis''
497;14.0;d''
498;18.0;fis''
499;22.0;ais''
500;16.0;e''
501;8.0;gis'
502;25.0;cis'''
503;3.0;dis'
504;25.0;cis'''
505;8.0;gis'
506;10.0;ais'
507;17.0;f''
508;1.0;cis'
509;15.0;dis''
510;11.0;b'
511;0.0;c'
512;0.0;c'
513;6.0;fis'
514;27.0;dis'''
515;34.0;ais'''
516;7.0;g'
517;7.0;g'
518;29.0;f'''
519;10.0;ais'
520;33.0;a'''
521;30.0;fis'''
522;17.0;f''
523;11.0;b'
524;23.0;b''
525;0.0;c'
526;19.0;g''
527;11.0;b'
528;1.0;cis'
529;24.0;c'''
530;30.0;fis'''
531;15.0;dis''
532;32.0;gis'''
533;21.0;a''
534;15.0;dis''
535;2.0;d'
536;20.0;gis''
537;22.0;ais''
538;16.0;e''
539;14.0;d''
540;30.0;fis'''
541;33.0;a'''
542;6.0;fis'
543;20.0;gis''
544;14.0;d''
545;21.0;a''
546;0.0;c'
547;16.0;e''
548;14.0;d''
549;2.0;d'
550;34.0;ais'''
551;9.0;a'
552;17.0;f''
553;10.0;ais'
554;29.0;f'''
555;11.0;b'
556;17.0;f''
557;28.0;e'''
558;26.0;d'''
559;33.0;a'''
560;34.0;ais'''
561;1.0;cis'
562;18.0;fis''
563;22.0;ais''
564;34.0;ais'''
565;3.0;dis'
566;1.0;cis'
567;17.0;f''
568;25.0;cis'''
569;16.0;e''
570;10.0;ais'
571;32.0;gis'''
572;29.0;f'''
573;16.0;e''
574;27.0;dis'''
575;33.0;a'''
576;25.0;cis'''
577;13.0;cis''
578;16.0;e''
579;24.0;c'''
580;26.0;d'''
581;23.0;b''
582;5.0;f'
583;27.0;dis'''
584;25.0;cis'''
585;28.0;e'''
586;22.0;ais''
587;22.0;ais''
588;7.0;g'
589;32.0;gis'''
590;30.0;fis'''
591;8.0;gis'
592;8.0;gis'
593;0.0;c'
594;27.0;dis'''
595;33.0;a'''
596;33.0;a'''
597;8.0;gis'
598;23.0;b''
599;23.0;b''
600;12.0;c''
601;22.0;ais''
602;14.0;d''
603;28.0;e'''
604;10.0;ais'
605;3.0;dis'
606;18.0;fis''
607;21.0;a''
608;25.0;cis'''
609;10.0;ais'
610;5.0;f'
611;16.0;e''
612;31.0;g'''
613;25.0;cis'''
614;3.0;dis'
615;3.0;dis'
616;8.0;gis'
617;29.0;f'''
618;31.0;g'''
619;14.0;d''
620;5.0;f'
621;24.0;c'''
622;26.0;d'''
623;31.0;g'''
624;9.0;a'
625;6.0;fis'
626;4.0;e'
627;20.0;gis''
628;25.0;cis'''
629;6.0;fis'
630;20.0;gis''
631;18.0;fis''
632;17.0;f''
633;11.0;b'
634;0.0;c'
635;12.0;c''
636;10.0;ais'
637;17.0;f''
638;20.0;gis''
639;25.0;cis'''
640;21.0;a''
641;11.0;b'
642;28.0;e'''
643;22.0;ais''
644;6.0;fis'
645;27.0;dis'''
646;15.0;dis''
647;24.0;c'''
648;7.0;g'
649;2.0;d'
650;16.0;e''
651;15.0;dis''
652;30.0;fis'''
653;30.0;fis'''
654;33.0;a'''
655;1.0;cis'
656;34.0;ais'''
657;23.0;b''
658;4.0;e'
659;1.0;cis'
660;9.0;a'
661;6.0;fis'
662;5.0;f'
663;22.0;ais''
664;6.0;fis'
665;1.0;cis'
666;11.0;b'
667;32.0;gis'''
668;6.0;fis'
669;19.0;g''
670;28.0;e'''
671;1.0;cis'
672;13.0;cis''
673;19.0;g''
674;29.0;f'''
675;30.0;fis'''
676;21.0;a''
677;7.0;g'
678;15.0;dis''
679;21.0;a''
680;15.0;dis''
681;18.0;fis''
682;18.0;fis''
683;17.0;f''
684;9.0;a'
685;23.0;b''
686;29.0;f'''
687;12.0;c''
688;23.0;b''
689;30.0;fis'''
690;25.0;cis'''
691;11.0;b'
692;18.0;fis''
693;12.0;c''
694;12.0;c''
695;20.0;gis''
696;30.0;fis'''
697;5.0;f'
698;9.0;a'
699;5.0;f'
700;10.0;ais'
701;23.0;b''
702;26.0;d'''
703;27.0;dis'''
704;30.0;fis'''
705;6.0;fis'
706;15.0;dis''
707;7.0;g'
708;12.0;c''
709;11.0;b'
710;8.0;gis'
711;26.0;d'''
712;31.0;g'''
713;33.0;a'''
714;13.0;cis''
715;18.0;fis''
716;31.0;g'''
717;29.0;f'''
718;4.0;e'
719;17.0;f''
720;11.0;b'
721;13.0;cis''
722;8.0;gis'
723;18.0;fis''
724;24.0;c'''
725;21.0;a''
726;9.0;a'
727;9.0;a'
728;12.0;c''
729;3.0;dis'
730;26.0;d'''
731;10.0;ais'
732;5.0;f'
733;10.0;ais'
734;11.0;b'
735;2.0;d'
736;15.0;dis''
737;27.0;dis'''
738;19.0;g''
739;32.0;gis'''
740;8.0;gis'
741;7.0;g'
742;10.0;ais'
743;4.0;e'
744;25.0;cis'''
745;3.0;dis'
746;17.0;f''
747;31.0;g'''
748;10.0;ais'
749;23.0;b''
750;3.0;dis'
751;0.0;c'
752;7.0;g'
753;23.0;b''
754;17.0;f''
755;3.0;dis'
756;34.0;ais'''
757;27.0;dis'''
758;34.0;ais'''
759;20.0;gis''
760;23.0;b''
761;15.0;dis''
762;30.0;fis'''
763;33.0;a'''
764;26.0;d'''
765;27.0;dis'''
766;25.0;cis'''
767;13.0;cis''
768;13.0;cis''
769;1.0;cis'
770;17.0;f''
771;29.0;f'''
772;22.0;ais''
773;3.0;dis'
774;33.0;a'''
775;13.0;cis''
776;2.0;d'
777;33.0;a'''
778;23.0;b''
779;4.0;e'
780;27.0;dis'''
781;26.0;d'''
782;33.0;a'''
783;8.0;gis'
784;23.0;b''
785;7.0;g'
786;0.0;c'
787;18.0;fis''
788;10.0;ais'
789;30.0;fis'''
790;23.0;b''
791;20.0;gis''
792;2.0;d'
793;22.0;ais''
794;34.0;ais'''
795;7.0;g'
796;19.0;g''
797;4.0;e'
798;27.0;dis'''
799;14.0;d''
800;18.0;fis''
801;21.0;a''
802;5.0;f'
803;19.0;g''
804;25.0;cis'''
805;5.0;f'
806;32.0;gis'''
807;31.0;g'''
808;9.0;a'
809;31.0;g'''
810;3.0;dis'
811;9.0;a'
812;29.0;f'''
813;18.0;fis''
814;7.0;g'
815;21.0;a''
816;2.0;d'
817;3.0;dis'
818;3.0;dis'
819;31.0;g'''
820;33.0;a'''
821;3.0;dis'
822;9.0;a'
823;10.0;ais'
824;3.0;dis'
825;17.0;f''
826;15.0;dis''
827;33.0;a'''
828;26.0;d'''
829;19.0;g''
830;12.0;c''
831;15.0;dis''
832;25.0;cis'''
833;9.0;a'
834;2.0;d'
835;22.0;ais''
836;6.0;fis'
837;32.0;gis'''
838;0.0;c'
839;30.0;fis'''
840;34.0;ais'''
841;27.0;dis'''
842;17.0;f''
843;12.0;c''
844;22.0;ais''
845;27.0;dis'''
846;14.0;d''
847;20.0;gis''
848;13.0;cis''
849;33.0;a'''
850;14.0;d''
851;14.0;d''
852;8.0;gis'
853;21.0;a''
854;22.0;ais''
855;29.0;f'''
856;21.0;a''
857;14.0;d''
858;30.0;fis'''
859;14.0;d''
860;10.0;ais'
861;33.0;a'''
862;27.0;dis'''
863;8.0;gis'
864;13.0;cis''
865;8.0;gis'
866;15.0;dis''
867;28.0;e'''
868;26.0;d'''
869;6.0;fis'
870;23.0;b''
871;4.0;e'
872;13.0;cis''
873;23.0;b''
874;14.0;d''
875;30.0;fis'''
876;26.0;d'''
877;29.0;f'''
878;5.0;f'
879;28.0;e'''
880;0.0;c'
881;11.0;b'
882;27.0;dis'''
883;8.0;gis'
884;18.0;fis''
885;16.0;e''
886;4.0;e'
887;24.0;c'''
888;17.0;f''
889;25.0;cis'''
890;2.0;d'
891;23.0;b''
892;12.0;c''
893;23.0;b''
894;6.0;fis'
895;32.0;gis'''
896;29.0;f'''
897;1.0;cis'
898;30.0;fis'''
899;19.0;g''
900;15.0;dis''
901;9.0;a'
902;27.0;dis'''
903;28.0;e'''
904;21.0;a''
905;19.0;g''
906;1.0;cis'
907;3.0;dis'
908;15.0;dis''
909;27.0;dis'''
910;20.0;gis''
911;5.0;f'
912;27.0;dis'''
913;14.0;d''
914;34.0;ais'''
915;12.0;c''
916;9.0;a'
917;23.0;b''
918;28.0;e'''
919;0.0;c'
920;32.0;gis'''
921;10.0;ais'
922;22.0;ais''
923;32.0;gis'''
924;17.0;f''
925;23.0;b''
926;28.0;e'''
927;9.0;a'
928;2.0;d'
929;13.0;cis''
930;18.0;fis''
931;34.0;ais'''
932;23.0;b''
933;24.0;c'''
934;32.0;gis'''
935;12.0;c''
936;14.0;d''
937;18.0;fis''
938;12.0;c''
939;12.0;c''
940;13.0;cis''
941;16.0;e''
942;6.0;fis'
943;1.0;cis'
944;13.0;cis''
945;32.0;gis'''
946;22.0;ais''
947;19.0;g''
948;24.0;c'''
949;32.0;gis'''
950;4.0;e'
951;2.0;d'
952;33.0;a'''
953;32.0;gis'''
954;20.0;gis''
955;21.0;a''
956;31.0;g'''
957;23.0;b''
958;33.0;a'''
959;8.0;gis'
960;17.0;f''
961;13.0;cis''
962;14.0;d''
963;26.0;d'''
964;3.0;dis'
965;1.0;cis'
966;3.0;dis'
967;9.0;a'
968;14.0;d''
969;25.0;cis'''
970;11.0;b'
971;28.0;e'''
972;20.0;gis''
973;18.0;fis''
974;31.0;g'''
975;23.0;b''
976;23.0;b''
977;34.0;ais'''
978;34.0;ais'''
979;22.0;ais''
980;27.0;dis'''
981;24.0;c'''
982;24.0;c'''
983;25.0;cis'''
984;23.0;b''
985;23.0;b''
986;3.0;dis'
987;12.0;c''
988;7.0;g'
989;2.0;d'
990;8.0;gis'
991;12.0;c''
992;21.0;a''
993;32.0;gis'''
994;2.0;d'
995;34.0;ais'''
996;14.0;d''
997;34.0;ais'''
998;11.0;b'
999;14.0;d''
1000;5.0;f'
1001;2.0;d'
1002;4.0;e'
1003;12.0;c''
1004;11.0;b'
1005;7.0;g'
1006;6.0;fis'
1007;10.0;ais'
1008;0.0;c'
1009;7.0;g'
1010;18.0;fis''
1011;1.0;cis'
1012;23.0;b''
1013;18.0;fis''
1014;23.0;b''
1015;13.0;cis''
1016;2.0;d'
1017;8.0;gis'
1018;6.0;fis'
1019;5.0;f'
1020;1.0;cis'
1021;6.0;fis'
1022;26.0;d'''
1023;18.0;fis''
1024;31.0;g'''
1025;13.0;cis''
1026;20.0;gis''
1027;9.0;a'
1028;17.0;f''
1029;6.0;fis'
1030;10.0;ais'
1031;22.0;ais''
1032;33.0;a'''
1033;13.0;cis''
1034;24.0;c'''
1035;30.0;fis'''
1036;32.0;gis'''
1037;10.0;ais'
1038;24.0;c'''
1039;6.0;fis'
1040;6.0;fis'
1041;24.0;c'''
1042;18.0;fis''
1043;17.0;f''
1044;10.0;ais'
1045;32.0;gis'''
1046;8.0;gis'
1047;25.0;cis'''
1048;15.0;dis''
1049;7.0;g'
1050;21.0;a''
1051;26.0;d'''
1052;11.0;b'
1053;16.0;e''
1054;6.0;fis'
1055;21.0;a''
1056;5.0;f'
1057;18.0;fis''
1058;0.0;c'
1059;34.0;ais'''
1060;15.0;dis''
1061;30.0;fis'''
1062;29.0;f'''
1063;25.0;cis'''
1064;33.0;a'''
1065;18.0;fis''
1066;5.0;f'
1067;1.0;cis'
1068;13.0;cis''
1069;13.0;cis''
1070;9.0;a'
1071;4.0;e'
1072;12.0;c''
1073;27.0;dis'''
1074;10.0;ais'
1075;2.0;d'
1076;27.0;dis'''
1077;30.0;fis'''
1078;26.0;d'''
1079;1.0;cis'
1080;17.0;f''
1081;3.0;dis'
1082;11.0;b'
1083;15.0;dis''
1084;7.0;g'
1085;9.0;a'
1086;11.0;b'
1087;6.0;fis'
1088;29.0;f'''
1089;3.0;dis'
1090;13.0;cis''
1091;11.0;b'
1092;34.0;ais'''
1093;12.0;c''
1094;6.0;fis'
1095;32.0;gis'''
1096;10.0;ais'
1097;33.0;a'''
1098;28.0;e'''
1099;16.0;e''
1100;17.0;f''
1101;5.0;f'
1102;15.0;dis''
1103;23.0;b''
1104;23.0;b''
1105;16.0;e''
1106;15.0;dis''
1107;12.0;c''
1108;32.0;gis'''
1109;23.0;b''
1110;34.0;ais'''
1111;9.0;a'
1112;15.0;dis''
1113;1.0;cis'
1114;24.0;c'''
1115;27.0;dis'''
1116;7.0;g'
1117;22.0;ais''
1118;15.0;dis''
1119;19.0;g''
1120;15.0;dis''
1121;8.0;gis'
1122;27.0;dis'''
1123;29.0;f'''
1124;30.0;fis'''
1125;25.0;cis'''
1126;18.0;fis''
1127;20.0;gis''
1128;5.0;f'
1129;9.0;a'
1130;26.0;d'''
1131;32.0;gis'''
1132;9.0;a'
1133;30.0;fis'''
1134;18.0;fis''
1135;14.0;d''
1136;16.0;e''
1137;22.0;ais''
1138;5.0;f'
1139;3.0;dis'
1140;24.0;c'''
1141;9.0;a'
1142;10.0;ais'
1143;23.0;b''
1144;1.0;cis'
1145;2.0;d'
1146;13.0;cis''
1147;23.0;b''
1148;8.0;gis'
1149;1.0;cis'
1150;26.0;d'''
1151;7.0;g'
1152;10.0;ais'
1153;24.0;c'''
1154;27.0;dis'''
1155;18.0;fis''
1156;13.0;cis''
1157;23.0;b''
1158;17.0;f''
1159;4.0;e'
1160;19.0;g''
1161;14.0;d''
1162;22.0;ais''
1163;6.0;fis'
1164;11.0;b'
1165;5.0;f'
1166;31.0;g'''
1167;24.0;c'''
1168;19.0;g''
1169;17.0;f''
1170;31.0;g'''
1171;28.0;e'''
1172;11.0;b'
1173;17.0;f''
1174;8.0;gis'
1175;25.0;cis'''
1176;33.0;a'''
1177;26.0;d'''
1178;26.0;d'''
1179;16.0;e''
1180;0.0;c'
1181;34.0;ais'''
1182;22.0;ais''
1183;7.0;g'
1184;12.0;c''
1185;5.0;f'
1186;4.0;e'
1187;17.0;f''
1188;9.0;a'
1189;29.0;f'''
1190;30.0;fis'''
1191;12.0;c''
1192;31.0;g'''
1193;32.0;gis'''
1194;11.0;b'
1195;2.0;d'
1196;26.0;d'''
1197;4.0;e'
1198;8.0;gis'
1199;33.0;a'''
1200;21.0;a''
1201;21.0;a''
1202;13.0;cis''
1203;15.0;dis''
1204;5.0;f'
1205;15.0;dis''
1206;31.0;g'''
1207;6.0;fis'
1208;29.0;f'''
1209;28.0;e'''
1210;9.0;a'
1211;31.0;g'''
1212;33.0;a'''
1213;33.0;a'''
1214;30.0;fis'''
1215;16.0;e''
1216;9.0;a'
1217;27.0;dis'''
1218;7.0;g'
1219;10.0;ais'
1220;24.0;c'''
1221;21.0;a''
1222;6.0;fis'
1223;31.0;g'''
1224;17.0;f''
1225;20.0;gis''
1226;26.0;d'''
1227;10.0;ais'
1228;16.0;e''
1229;9.0;a'
1230;11.0;b'
1231;16.0;e''
1232;23.0;b''
1233;22.0;ais''
1234;16.0;e''
1235;4.0;e'
1236;1.0;cis'
1237;20.0;gis''
1238;4.0;e'
1239;14.0;d''
1240;27.0;dis'''
1241;13.0;cis''
1242;17.0;f''
1243;12.0;c''
1244;7.0;g'
1245;19.0;g''
1246;21.0;a''
1247;34.0;ais'''
1248;22.0;ais''
1249;18.0;fis''
1250;7.0;g'
1251;34.0;ais'''
1252;33.0;a'''
1253;7.0;g'
1254;11.0;b'
1255;14.0;d''
1256;3.0;dis'
1257;17.0;f''
1258;10.0;ais'
1259;15.0;dis''
1260;16.0;e''
1261;23.0;b''
1262;13.0;cis''
1263;34.0;ais'''
1264;17.0;f''
1265;14.0;d''
1266;5.0;f'
1267;8.0;gis'
1268;29.0;f'''
1269;8.0;gis'
1270;13.0;cis''
1271;5.0;f'
1272;2.0;d'
1273;20.0;gis''
1274;34.0;ais'''
1275;22.0;ais''
1276;24.0;c'''
1277;27.0;dis'''
1278;8.0;gis'
1279;5.0;f'
1280;22.0;ais''
1281;7.0;g'
1282;26.0;d'''
1283;1.0;cis'
1284;3.0;dis'
1285;19.0;g''
1286;10.0;ais'
1287;20.0;gis''
1288;24.0;c'''
1289;5.0;f'
1290;22.0;ais''
1291;32.0;gis'''
1292;20.0;gis''
1293;27.0;dis'''
1294;30.0;fis'''
1295;16.0;e''
1296;20.0;gis''
1297;14.0;d''
1298;10.0;ais'
1299;0.0;c'
1300;27.0;dis'''
1301;14.0;d''
1302;5.0;f'
1303;27.0;dis'''
1304;28.0;e'''
1305;21.0;a''
1306;26.0;d'''
1307;28.0;e'''
1308;11.0;b'
1309;3.0;dis'
1310;11.0;b'
1311;2.0;d'
1312;18.0;fis''
1313;20.0;gis''
1314;27.0;dis'''
1315;12.0;c''
1316;8.0;gis'
1317;30.0;fis'''
1318;25.0;cis'''
1319;31.0;g'''
1320;18.0;fis''
1321;1.0;cis'
1322;3.0;dis'
1323;15.0;dis''
1324;11.0;b'
1325;25.0;cis'''
1326;25.0;cis'''
1327;25.0;cis'''
1328;26.0;d'''
1329;12.0;c''
1330;10.0;ais'
1331;20.0;gis''
1332;0.0;c'
1333;20.0;gis''
1334;10.0;ais'
1335;31.0;g'''
1336;22.0;ais''
1337;6.0;fis'
1338;13.0;cis''
1339;30.0;fis'''
1340;6.0;fis'
1341;20.0;gis''
1342;3.0;dis'
1343;13.0;cis''
1344;30.0;fis'''
1345;2.0;d'
1346;21.0;a''
1347;26.0;d'''
1348;4.0;e'
1349;29.0;f'''
1350;19.0;g''
1351;30.0;fis'''
1352;20.0;gis''
1353;7.0;g'
1354;25.0;cis'''
1355;33.0;a'''
1356;8.0;gis'
1357;22.0;ais''
1358;33.0;a'''
1359;12.0;c''
1360;12.0;c''
1361;13.0;cis''
1362;8.0;gis'
1363;25.0;cis'''
1364;34.0;ais'''
1365;3.0;dis'
1366;30.0;fis'''
1367;4.0;e'
1368;27.0;dis'''
1369;8.0;gis'
1370;33.0;a'''
1371;26.0;d'''
1372;22.0;ais''
1373;27.0;dis'''
1374;29.0;f'''
1375;20.0;gis''
1376;10.0;ais'
1377;22.0;ais''
1378;22.0;ais''
1379;26.0;d'''
1380;27.0;dis'''
1381;10.0;ais'
1382;28.0;e'''
1383;8.0;gis'
1384;22.0;ais''
1385;2.0;d'
1386;4.0;e'
1387;33.0;a'''
1388;13.0;cis''
1389;0.0;c'
1390;21.0;a''
1391;12.0;c''
1392;32.0;gis'''
1393;22.0;ais''
1394;0.0;c'
1395;30.0;fis'''
1396;5.0;f'
1397;9.0;a'
1398;9.0;a'
1399;1.0;cis'
1400;15.0;dis''
1401;25.0;cis'''
1402;33.0;a'''
1403;30.0;fis'''
1404;4.0;e'
1405;23.0;b''
1406;20.0;gis''
1407;22.0;ais''
1408;2.0;d'
1409;9.0;a'
1410;23.0;b''
1411;34.0;ais'''
1412;15.0;dis''
1413;12.0;c''
1414;4.0;e'
1415;25.0;cis'''
1416;32.0;gis'''
1417;9.0;a'
1418;17.0;f''
1419;22.0;ais''
1420;11.0;b'
1421;2.0;d'
1422;0.0;c'
1423;4.0;e'
1424;24.0;c'''
1425;30.0;fis'''
1426;27.0;dis'''
1427;24.0;c'''
1428;16.0;e''
1429;26.0;d'''
1430;16.0;e''
1431;16.0;e''
1432;8.0;gis'
1433;18.0;fis''
1434;10.0;ais'
1435;32.0;gis'''
1436;0.0;c'
1437;23.0;b''
1438;13.0;cis''
1439;24.0;c'''
1440;1.0;cis'
1441;33.0;a'''
1442;19.0;g''
1443;20.0;gis''
1444;25.0;cis'''
1445;6.0;fis'
1446;10.0;ais'
1447;12.0;c''
1448;4.0;e'
1449;4.0;e'
1450;24.0;c'''
1451;21.0;a''
1452;29.0;f'''
1453;29.0;f'''
1454;16.0;e''
1455;31.0;g'''
1456;18.0;fis''
1457;15.0;dis''
1458;1.0;cis'
1459;26.0;d'''
1460;19.0;g''
1461;28.0;e'''
1462;4.0;e'
1463;10.0;ais'
1464;31.0;g'''
1465;13.0;cis''
1466;17.0;f''
1467;1.0;cis'
1468;19.0;g''
1469;6.0;fis'
1470;28.0;e'''
1471;21.0;a''
1472;12.0;c''
1473;32.0;gis'''
1474;0.0;c'
1475;3.0;dis'
1476;27.0;dis'''
1477;10.0;ais'
1478;22.0;ais''
1479;5.0;f'
1480;27.0;dis'''
1481;20.0;gis''
1482;16.0;e''
1483;7.0;g'
1484;21.0;a''
1485;2.0;d'
1486;28.0;e'''
1487;15.0;dis''
1488;2.0;d'
1489;13.0;cis''
1490;1.0;cis'
1491;6.0;fis'
1492;29.0;f'''
1493;16.0;e''
1494;28.0;e'''
1495;9.0;a'
1496;28.0;e'''
1497;26.0;d'''
1498;17.0;f''
1499;30.0;fis'''
1500;20.0;gis''
1501;8.0;gis'
1502;34.0;ais'''
1503;10.0;ais'
1504;17.0;f''
1505;23.0;b''
1506;14.0;d''
1507;31.0;g'''
1508;19.0;g''
1509;32.0;gis'''
1510;11.0;b'
1511;0.0;c'
1512;25.0;cis'''
1513;3.0;dis'
1514;24.0;c'''
1515;19.0;g''
1516;16.0;e''
1517;9.0;a'
1518;0.0;c'
1519;23.0;b''
1520;34.0;ais'''
1521;13.0;cis''
1522;33.0;a'''
1523;9.0;a'
1524;20.0;gis''
1525;20.0;gis''
1526;0.0;c'
1527;32.0;gis'''
1528;15.0;dis''
1529;9.0;a'
1530;2.0;d'
1531;6.0;fis'
1532;28.0;e'''
1533;34.0;ais'''
1534;6.0;fis'
1535;34.0;ais'''
1536;16.0;e''
1537;21.0;a''
1538;31.0;g'''
1539;23.0;b''
1540;4.0;e'
1541;11.0;b'
1542;24.0;c'''
1543;19.0;g''
1544;17.0;f''
1545;3.0;dis'
1546;33.0;a'''
1547;24.0;c'''
1548;13.0;cis''
1549;11.0;b'
1550;25.0;cis'''
1551;32.0;gis'''
1552;1.0;cis'
1553;26.0;d'''
1554;4.0;e'
1555;27.0;dis'''
1556;26.0;d'''
1557;9.0;a'
1558;21.0;a''
1559;18.0;fis''
1560;30.0;fis'''
1561;22.0;ais''
1562;13.0;cis''
1563;0.0;c'
1564;8.0;gis'
1565;3.0;dis'
1566;12.0;c''
1567;7.0;g'
1568;30.0;fis'''
1569;0.0;c'
1570;34.0;ais'''
1571;24.0;c'''
1572;32.0;gis'''
1573;10.0;ais'
1574;26.0;d'''
1575;13.0;cis''
1576;9.0;a'
1577;8.0;gis'
1578;31.0;g'''
1579;1.0;cis'
1580;31.0;g'''
1581;23.0;b''
1582;18.0;fis''
1583;27.0;dis'''
1584;23.0;b''
1585;28.0;e'''
1586;2.0;d'
1587;4.0;e'
1588;24.0;c'''
1589;15.0;dis''
1590;3.0;dis'
1591;6.0;fis'
1592;9.0;a'
1593;18.0;fis''
1594;7.0;g'
1595;10.0;ais'
1596;3.0;dis'
1597;26.0;d'''
1598;13.0;cis''
1599;7.0;g'
1600;15.0;dis''
1601;7.0;g'
1602;6.0;fis'
1603;34.0;ais'''
1604;18.0;fis''
1605;21.0;a''
1606;18.0;fis''
1607;11.0;b'
1608;23.0;b''
1609;21.0;a''
1610;13.0;cis''
1611;25.0;cis'''
1612;21.0;a''
1613;34.0;ais'''
1614;8.0;gis'
1615;25.0;cis'''
1616;20.0;gis''
1617;4.0;e'
1618;30.0;fis'''
1619;19.0;g''
1620;14.0;d''
1621;8.0;gis'
1622;32.0;gis'''
1623;8.0;gis'
1624;15.0;dis''
1625;0.0;c'
1626;33.0;a'''
1627;34.0;ais'''
1628;6.0;fis'
1629;28.0;e'''
1630;33.0;a'''
1631;5.0;f'
1632;27.0;dis'''
1633;32.0;gis'''
1634;22.0;ais''
1635;16.0;e''
1636;16.0;e''
1637;12.0;c''
1638;32.0;gis'''
1639;30.0;fis'''
1640;14.0;d''
1641;11.0;b'
1642;15.0;dis''
1643;26.0;d'''
1644;30.0;fis'''
1645;31.0;g'''
1646;17.0;f''
1647;5.0;f'
1648;1.0;cis'
1649;28.0;e'''
1650;27.0;dis'''
1651;19.0;g''
1652;31.0;g'''
1653;20.0;gis''
1654;1.0;cis'
1655;24.0;c'''
1656;31.0;g'''
1657;22.0;ais''
1658;34.0;ais'''
1659;7.0;g'
1660;30.0;fis'''
1661;34.0;ais'''
1662;21.0;a''
1663;3.0;dis'
1664;6.0;fis'
1665;6.0;fis'
1666;23.0;b''
1667;18.0;fis''
1668;28.0;e'''
1669;14.0;d''
1670;2.0;d'
1671;24.0;c'''
1672;6.0;fis'
1673;11.0;b'
1674;2.0;d'
1675;10.0;ais'
1676;6.0;fis'
1677;16.0;e''
1678;16.0;e''
1679;34.0;ais'''
1680;2.0;d'
1681;12.0;c''
1682;24.0;c'''
1683;18.0;fis''
1684;32.0;gis'''
1685;19.0;g''
1686;27.0;dis'''
1687;26.0;d'''
1688;22.0;ais''
1689;27.0;dis'''
1690;25.0;cis'''
1691;14.0;d''
1692;18.0;fis''
1693;29.0;f'''
1694;26.0;d'''
1695;12.0;c''
1696;2.0;d'
1697;1.0;cis'
1698;10.0;ais'
1699;15.0;dis''
1700;14.0;d''
1701;19.0;g''
1702;28.0;e'''
1703;18.0;fis''
1704;6.0;fis'
1705;20.0;gis''
1706;0.0;c'
1707;20.0;gis''
1708;20.0;gis''
1709;26.0;d'''
1710;9.0;a'
1711;25.0;cis'''
1712;1.0;cis'
1713;1.0;cis'
1714;27.0;dis'''
1715;16.0;e''
1716;22.0;ais''
1717;18.0;fis''
1718;12.0;c''
1719;21.0;a''
1720;14.0;d''
1721;13.0;cis''
1722;2.0;d'
1723;34.0;ais'''
1724;25.0;cis'''
1725;18.0;fis''
1726;32.0;gis'''
1727;0.0;c'
1728;26.0;d'''
1729;25.0;cis'''
1730;26.0;d'''
1731;15.0;dis''
1732;27.0;dis'''
1733;4.0;e'
1734;15.0;dis''
1735;8.0;gis'
1736;16.0;e''
1737;28.0;e'''
1738;21.0;a''
1739;9.0;a'
1740;33.0;a'''
1741;26.0;d'''
1742;20.0;gis''
1743;16.0;e''
1744;12.0;c''
1745;30.0;fis'''
1746;13.0;cis''
1747;0.0;c'
1748;27.0;dis'''
1749;7.0;g'
1750;26.0;d'''
1751;26.0;d'''
1752;21.0;a''
1753;8.0;gis'
1754;17.0;f''
1755;26.0;d'''
1756;31.0;g'''
1757;19.0;g''
1758;29.0;f'''
1759;32.0;gis'''
1760;3.0;dis'
1761;25.0;cis'''
1762;14.0;d''
1763;16.0;e''
1764;23.0;b''
1765;4.0;e'
1766;9.0;a'
1767;29.0;f'''
1768;33.0;a'''
1769;28.0;e'''
1770;34.0;ais'''
1771;21.0;a''
1772;29.0;f'''
1773;22.0;ais''
1774;22.0;ais''
1775;20.0;gis''
1776;19.0;g''
1777;22.0;ais''
1778;0.0;c'
1779;7.0;g'
1780;3.0;dis'
1781;29.0;f'''
1782;18.0;fis''
1783;30.0;fis'''
1784;32.0;gis'''
1785;10.0;ais'
1786;3.0;dis'
1787;26.0;d'''
1788;23.0;b''
1789;23.0;b''
1790;30.0;fis'''
1791;5.0;f'
1792;8.0;gis'
1793;0.0;c'
1794;19.0;g''
1795;6.0;fis'
1796;32.0;gis'''
1797;1.0;cis'
1798;28.0;e'''
1799;1.0;cis'
1800;21.0;a''
1801;7.0;g'
1802;0.0;c'
1803;1.0;cis'
1804;24.0;c'''
1805;14.0;d''
1806;29.0;f'''
1807;18.0;fis''
1808;31.0;g'''
1809;30.0;fis'''
1810;4.0;e'
1811;13.0;cis''
1812;11.0;b'
1813;23.0;b''
1814;30.0;fis'''
1815;12.0;c''
1816;16.0;e''
1817;33.0;a'''
1818;28.0;e'''
1819;28.0;e'''
1820;16.0;e''
1821;12.0;c''
1822;31.0;g'''
1823;22.0;ais''
1824;29.0;f'''
1825;26.0;d'''
1826;20.0;gis''
1827;7.0;g'
1828;16.0;e''
1829;16.0;e''
1830;1.0;cis'
1831;24.0;c'''
1832;23.0;b''
1833;16.0;e''
1834;22.0;ais''
1835;32.0;gis'''
1836;18.0;fis''
1837;16.0;e''
1838;20.0;gis''
1839;2.0;d'
1840;1.0;cis'
1841;6.0;fis'
1842;5.0;f'
1843;11.0;b'
1844;20.0;gis''
1845;23.0;b''
1846;29.0;f'''
1847;4.0;e'
1848;29.0;f'''
1849;10.0;ais'
1850;12.0;c''
1851;24.0;c'''
1852;0.0;c'
1853;30.0;fis'''
1854;8.0;gis'
1855;12.0;c''
1856;5.0;f'
1857;29.0;f'''
1858;7.0;g'
1859;19.0;g''
1860;18.0;fis''
1861;5.0;f'
1862;34.0;ais'''
1863;31.0;g'''
1864;9.0;a'
1865;20.0;gis''
1866;27.0;dis'''
1867;8.0;gis'
1868;13.0;cis''
1869;5.0;f'
1870;15.0;dis''
1871;7.0;g'
1872;25.0;cis'''
1873;9.0;a'
1874;20.0;gis''
1875;9.0;a'
1876;22.0;ais''
1877;24.0;c'''
1878;1.0;cis'
1879;7.0;g'
1880;2.0;d'
1881;13.0;cis''
1882;8.0;gis'
1883;28.0;e'''
1884;22.0;ais''
1885;3.0;dis'
1886;17.0;f''
1887;12.0;c''
1888;20.0;gis''
1889;20.0;gis''
1890;30.0;fis'''
1891;6.0;fis'
1892;12.0;c''
1893;18.0;fis''
1894;34.0;ais'''
1895;24.0;c'''
1896;9.0;a'
1897;25.0;cis'''
1898;26.0;d'''
1899;33.0;a'''
1900;11.0;b'
1901;6.0;fis'
1902;27.0;dis'''
1903;19.0;g''
1904;29.0;f'''
1905;25.0;cis'''
1906;28.0;e'''
1907;13.0;cis''
1908;25.0;cis'''
1909;34.0;ais'''
1910;26.0;d'''
1911;31.0;g'''
1912;23.0;b''
1913;21.0;a''
1914;9.0;a'
1915;18.0;fis''
1916;14.0;d''
1917;17.0;f''
1918;9.0;a'
1919;13.0;cis''
1920;24.0;c'''
1921;3.0;dis'
1922;27.0;dis'''
1923;20.0;gis''
1924;16.0;e''
1925;18.0;fis''
1926;34.0;ais'''
1927;30.0;fis'''
1928;24.0;c'''
1929;26.0;d'''
1930;8.0;gis'
1931;3.0;dis'
1932;10.0;ais'
1933;31.0;g'''
1934;14.0;d''
1935;12.0;c''
1936;8.0;gis'
1937;21.0;a''
1938;24.0;c'''
1939;32.0;gis'''
1940;18.0;fis''
1941;29.0;f'''
1942;0.0;c'
1943;13.0;cis''
1944;29.0;f'''
1945;0.0;c'
1946;20.0;gis''
1947;10.0;ais'
1948;16.0;e''
1949;8.0;gis'
1950;5.0;f'
1951;11.0;b'
1952;18.0;fis''
1953;28.0;e'''
1954;13.0;cis''
1955;24.0;c'''
1956;0.0;c'
1957;9.0;a'
1958;32.0;gis'''
1959;17.0;f''
1960;16.0;e''
1961;33.0;a'''
1962;29.0;f'''
1963;4.0;e'
1964;11.0;b'
1965;25.0;cis'''
1966;4.0;e'
1967;14.0;d''
1968;0.0;c'
1969;7.0;g'
1970;13.0;cis''
1971;0.0;c'
1972;15.0;dis''
1973;25.0;cis'''
1974;30.0;fis'''
1975;29.0;f'''
1976;30.0;fis'''
1977;9.0;a'
1978;9.0;a'
1979;29.0;f'''
1980;15.0;dis''
1981;15.0;dis''
1982;11.0;b'
1983;6.0;fis'
1984;31.0;g'''
1985;0.0;c'
1986;27.0;dis'''
1987;34.0;ais'''
1988;26.0;d'''
1989;19.0;g''
1990;24.0;c'''
1991;19.0;g''
1992;2.0;d'
1993;28.0;e'''
1994;22.0;ais''
1995;14.0;d''
1996;10.0;ais'
1997;20.0;gis''
1998;21.0;a''
1999;3.0;dis'
2000;9.0;a'
2001;28.0;e'''
2002;23.0;b''
2003;33.0;a'''
2004;22.0;ais''
2005;12.0;c''
2006;31.0;g'''
2007;10.0;ais'
2008;10.0;ais'
2009;29.0;f'''
2010;13.0;cis''
2011;1.0;cis'
2012;9.0;a'
2013;16.0;e''
2014;33.0;a'''
2015;0.0;c'
2016;33.0;a'''
2017;29.0;f'''
2018;24.0;c'''
2019;26.0;d'''
2020;23.0;b''
2021;11.0;b'
2022;8.0;gis'
2023;14.0;d''
2024;20.0;gis''
2025;4.0;e'
2026;27.0;dis'''
2027;5.0;f'
2028;11.0;b'
2029;12.0;c''
2030;7.0;g'
2031;29.0;f'''
2032;19.0;g''
2033;8.0;gis'
2034;17.0;f''
2035;7.0;g'
2036;7.0;g'
2037;30.0;fis'''
2038;8.0;gis'
2039;28.0;e'''
2040;27.0;dis'''
2041;7.0;g'
2042;0.0;c'
2043;20.0;gis''
2044;4.0;e'
2045;22.0;ais''
2046;21.0;a''
2047;9.0;a'
2048;30.0;fis'''
2049;6.0;fis'
2050;9.0;a'
2051;28.0;e'''
2052;9.0;a'
2053;18.0;fis''
2054;14.0;d''
2055;20.0;gis''
2056;29.0;f'''
2057;4.0;e'
2058;21.0;a''
2059;20.0;gis''
2060;21.0;a''
2061;8.0;gis'
2062;8.0;gis'
2063;0.0;c'
2064;34.0;ais'''
2065;7.0;g'
2066;4.0;e'
2067;12.0;c''
2068;9.0;a'
2069;8.0;gis'
2070;26.0;d'''
2071;33.0;a'''
2072;26.0;d'''
2073;32.0;gis'''
2074;3.0;dis'
2075;14.0;d''
2076;6.0;fis'
2077;24.0;c'''
2078;5.0;f'
2079;21.0;a''
2080;23.0;b''
2081;14.0;d''
2082;28.0;e'''
2083;9.0;a'
2084;20.0;gis''
2085;2.0;d'
2086;5.0;f'
2087;7.0;g'
2088;14.0;d''
2089;28.0;e'''
2090;8.0;gis'
2091;32.0;gis'''
2092;21.0;a''
2093;26.0;d'''
2094;18.0;fis''
2095;19.0;g''
2096;20.0;gis''
2097;24.0;c'''
2098;3.0;dis'
2099;33.0;a'''
2100;29.0;f'''
2101;5.0;f'
2102;33.0;a'''
2103;29.0;f'''
2104;0.0;c'
2105;3.0;dis'
2106;11.0;b'
2107;9.0;a'
2108;21.0;a''
2109;28.0;e'''
2110;4.0;e'
2111;21.0;a''
2112;13.0;cis''
2113;30.0;fis'''
2114;30.0;fis'''
2115;20.0;gis''
2116;24.0;c'''
2117;26.0;d'''
2118;18.0;fis''
2119;4.0;e'
2120;17.0;f''
2121;24.0;c'''
2122;10.0;ais'
2123;20.0;gis''
2124;31.0;g'''
2125;21.0;a''
2126;22.0;ais''
2127;31.0;g'''
2128;18.0;fis''
2129;12.0;c''
2130;5.0;f'
2131;23.0;b''
2132;19.0;g''
2133;14.0;d''
2134;22.0;ais''
2135;2.0;d'
2136;18.0;fis''
2137;13.0;cis''
2138;11.0;b'
2139;29.0;f'''
2140;0.0;c'
2141;23.0;b''
2142;14.0;d''
2143;20.0;gis''
2144;14.0;d''
2145;22.0;ais''
2146;12.0;c''
2147;25.0;cis'''
2148;26.0;d'''
2149;29.0;f'''
2150;10.0;ais'
2151;6.0;fis'
2152;12.0;c''
2153;7.0;g'
2154;9.0;a'
2155;5.0;f'
2156;24.0;c'''
2157;12.0;c''
2158;31.0;g'''
2159;30.0;fis'''
2160;14.0;d''
2161;33.0;a'''
2162;7.0;g'
2163;25.0;cis'''
2164;11.0;b'
2165;32.0;gis'''
2166;31.0;g'''
2167;12.0;c''
2168;15.0;dis''
2169;16.0;e''
2170;28.0;e'''
2171;10.0;ais'
2172;11.0;b'
2173;6.0;fis'
2174;29.0;f'''
2175;13.0;cis''
2176;18.0;fis''
2177;9.0;a'
2178;22.0;ais''
2179;28.0;e'''
2180;7.0;g'
2181;17.0;f''
2182;32.0;gis'''
2183;31.0;g'''
2184;18.0;fis''
2185;23.0;b''
2186;27.0;dis'''
2187;2.0;d'
2188;24.0;c'''
2189;23.0;b''
2190;26.0;d'''
2191;30.0;fis'''
2192;9.0;a'
2193;11.0;b'
2194;34.0;ais'''
2195;3.0;dis'
2196;0.0;c'
2197;10.0;ais'
2198;14.0;d''
2199;3.0;dis'
2200;17.0;f''
2201;9.0;a'
2202;30.0;fis'''
2203;14.0;d''
2204;22.0;ais''
2205;30.0;fis'''
2206;17.0;f''
2207;3.0;dis'
2208;30.0;fis'''
2209;2.0;d'
2210;0.0;c'
2211;25.0;cis'''
2212;34.0;ais'''
2213;20.0;gis''
2214;8.0;gis'
2215;1.0;cis'
2216;18.0;fis''
2217;23.0;b''
2218;32.0;gis'''
2219;22.0;ais''
2220;9.0;a'
2221;3.0;dis'
2222;1.0;cis'
2223;31.0;g'''
2224;7.0;g'
2225;21.0;a''
2226;27.0;dis'''
2227;26.0;d'''
2228;31.0;g'''
2229;18.0;fis''
2230;14.0;d''
2231;8.0;gis'
2232;4.0;e'
2233;31.0;g'''
2234;1.0;cis'
2235;13.0;cis''
2236;25.0;cis'''
2237;34.0;ais'''
2238;3.0;dis'
2239;25.0;cis'''
2240;12.0;c''
2241;15.0;dis''
2242;34.0;ais'''
2243;21.0;a''
2244;23.0;b''
2245;23.0;b''
2246;31.0;g'''
2247;0.0;c'
2248;15.0;dis''
2249;28.0;e'''
2250;17.0;f''
2251;3.0;dis'
2252;4.0;e'
2253;22.0;ais''
2254;30.0;fis'''
2255;8.0;gis'
2256;18.0;fis''
2257;9.0;a'
2258;28.0;e'''
2259;4.0;e'
2260;9.0;a'
2261;3.0;dis'
2262;14.0;d''
2263;34.0;ais'''
2264;26.0;d'''
2265;26.0;d'''
2266;22.0;ais''
2267;0.0;c'
2268;30.0;fis'''
2269;16.0;e''
2270;27.0;dis'''
2271;33.0;a'''
2272;13.0;cis''
2273;18.0;fis''
2274;2.0;d'
2275;9.0;a'
2276;4.0;e'
2277;20.0;gis''
2278;16.0;e''
2279;11.0;b'
2280;0.0;c'
2281;18.0;fis''
2282;16.0;e''
2283;34.0;ais'''
2284;4.0;e'
2285;24.0;c'''
2286;5.0;f'
2287;6.0;fis'
2288;29.0;f'''
2289;19.0;g''
2290;13.0;cis''
2291;29.0;f'''
2292;27.0;dis'''
2293;22.0;ais''
2294;12.0;c''
2295;15.0;dis''
2296;12.0;c''
2297;28.0;e'''
2298;7.0;g'
2299;33.0;a'''
2300;2.0;d'
2301;9.0;a'
2302;0.0;c'
2303;10.0;ais'
2304;19.0;g''
2305;20.0;gis''
2306;18.0;fis''
2307;20.0;gis''
2308;20.0;gis''
2309;5.0;f'
2310;9.0;a'
2311;22.0;ais''
2312;11.0;b'
2313;22.0;ais''
2314;25.0;cis'''
2315;28.0;e'''
2316;20.0;gis''
2317;19.0;g''
2318;18.0;fis''
2319;18.0;fis''
2320;33.0;a'''
2321;26.0;d'''
2322;23.0;b''
2323;9.0;a'
2324;25.0;cis'''
2325;2.0;d'
2326;10.0;ais'
2327;2.0;d'
2328;28.0;e'''
2329;30.0;fis'''
2330;17.0;f''
2331;21.0;a''
2332;32.0;gis'''
2333;25.0;cis'''
2334;30.0;fis'''
2335;18.0;fis''
2336;1.0;cis'
2337;24.0;c'''
2338;0.0;c'
2339;4.0;e'
2340;1.0;cis'
2341;18.0;fis''
2342;31.0;g'''
2343;15.0;dis''
2344;1.0;cis'
2345;12.0;c''
2346;26.0;d'''
2347;1.0;cis'
2348;13.0;cis''
2349;33.0;a'''
2350;20.0;gis''
2351;6.0;fis'
2352;31.0;g'''
2353;4.0;e'
2354;16.0;e''
2355;10.0;ais'
2356;3.0;dis'
2357;4.0;e'
2358;10.0;ais'
2359;33.0;a'''
2360;28.0;e'''
2361;1.0;cis'
2362;12.0;c''
2363;19.0;g''
2364;28.0;e'''
2365;31.0;g'''
2366;9.0;a'
2367;33.0;a'''
2368;2.0;d'
2369;34.0;ais'''
2370;6.0;fis'
2371;22.0;ais''
2372;26.0;d'''
2373;14.0;d''
2374;32.0;gis'''
2375;8.0;gis'
2376;21.0;a''
2377;4.0;e'
2378;0.0;c'
2379;16.0;e''
2380;26.0;d'''
2381;12.0;c''
2382;24.0;c'''
2383;25.0;cis'''
2384;7.0;g'
2385;28.0;e'''
2386;17.0;f''
2387;8.0;gis'
2388;8.0;gis'
2389;8.0;gis'
2390;10.0;ais'
2391;14.0;d''
2392;31.0;g'''
2393;10.0;ais'
2394;4.0;e'
2395;17.0;f''
2396;27.0;dis'''
2397;17.0;f''
2398;32.0;gis'''
2399;33.0;a'''
2400;25.0;cis'''
2401;24.0;c'''
2402;30.0;fis'''
2403;25.0;cis'''
2404;28.0;e'''
2405;15.0;dis''
2406;21.0;a''
2407;28.0;e'''
2408;26.0;d'''
2409;16.0;e''
2410;17.0;f''
2411;1.0;cis'
2412;34.0;ais'''
2413;0.0;c'
2414;30.0;fis'''
2415;18.0;fis''
2416;5.0;f'
2417;7.0;g'
2418;0.0;c'
2419;25.0;cis'''
2420;17.0;f''
2421;31.0;g'''
2422;15.0;dis''
2423;33.0;a'''
2424;30.0;fis'''
2425;29.0;f'''
2426;2.0;d'
2427;21.0;a''
2428;9.0;a'
2429;24.0;c'''
2430;12.0;c''
2431;24.0;c'''
2432;0.0;c'
2433;20.0;gis''
2434;7.0;g'
2435;25.0;cis'''
2436;8.0;gis'
2437;24.0;c'''
2438;25.0;cis'''
2439;12.0;c''
2440;3.0;dis'
2441;29.0;f'''
2442;30.0;fis'''
2443;24.0;c'''
2444;26.0;d'''
2445;1.0;cis'
2446;9.0;a'
2447;14.0;d''
2448;7.0;g'
2449;25.0;cis'''
2450;0.0;c'
2451;11.0;b'
2452;2.0;d'
2453;17.0;f''
2454;20.0;gis''
2455;13.0;cis''
2456;32.0;gis'''
2457;15.0;dis''
2458;27.0;dis'''
2459;13.0;cis''
2460;34.0;ais'''
2461;28.0;e'''
2462;28.0;e'''
2463;3.0;dis'
2464;24.0;c'''
2465;3.0;dis'
2466;14.0;d''
2467;0.0;c'
2468;27.0;dis'''
2469;18.0;fis''
2470;24.0;c'''
2471;21.0;a''
2472;31.0;g'''
2473;31.0;g'''
2474;25.0;cis'''
2475;2.0;d'
2476;14.0;d''
2477;0.0;c'
2478;1.0;cis'
2479;22.0;ais''
2480;23.0;b''
2481;25.0;cis'''
2482;29.0;f'''
2483;24.0;c'''
2484;21.0;a''
2485;21.0;a''
2486;4.0;e'
2487;11.0;b'
2488;4.0;e'
2489;33.0;a'''
2490;27.0;dis'''
2491;11.0;b'
2492;29.0;f'''
2493;8.0;gis'
2494;30.0;fis'''
2495;26.0;d'''
2496;1.0;cis'
2497;28.0;e'''
2498;31.0;g'''
2499;3.0;dis'
2500;33.0;a'''
2501;2.0;d'
2502;3.0;dis'
2503;25.0;cis'''
2504;20.0;gis''
2505;8.0;gis'
2506;28.0;e'''
2507;16.0;e''
2508;34.0;ais'''
2509;29.0;f'''
2510;2.0;d'
2511;2.0;d'
2512;0.0;c'
2513;28.0;e'''
2514;16.0;e''
2515;32.0;gis'''
2516;5.0;f'
2517;21.0;a''
2518;21.0;a''
2519;20.0;gis''
2520;10.0;ais'
2521;0.0;c'
2522;20.0;gis''
2523;21.0;a''
2524;14.0;d''
2525;4.0;e'
2526;25.0;cis'''
2527;4.0;e'
2528;15.0;dis''
2529;0.0;c'
2530;0.0;c'
2531;21.0;a''
2532;9.0;a'
2533;20.0;gis''
2534;5.0;f'
2535;20.0;gis''
2536;24.0;c'''
2537;31.0;g'''
2538;14.0;d''
2539;6.0;fis'
2540;20.0;gis''
2541;24.0;c'''
2542;5.0;f'
2543;15.0;dis''
2544;29.0;f'''
2545;26.0;d'''
2546;2.0;d'
2547;4.0;e'
2548;34.0;ais'''
2549;31.0;g'''
2550;14.0;d''
2551;26.0;d'''
2552;0.0;c'
2553;11.0;b'
2554;6.0;fis'
2555;0.0;c'
2556;23.0;b''
2557;16.0;e''
2558;3.0;dis'
2559;11.0;b'
2560;9.0;a'
2561;3.0;dis'
2562;24.0;c'''
2563;7.0;g'
2564;10.0;ais'
2565;13.0;cis''
2566;34.0;ais'''
2567;24.0;c'''
2568;3.0;dis'
2569;23.0;b''
2570;1.0;cis'
2571;4.0;e'
2572;21.0;a''
2573;23.0;b''
2574;17.0;f''
2575;27.0;dis'''
2576;11.0;b'
2577;20.0;gis''
2578;22.0;ais''
2579;14.0;d''
2580;33.0;a'''
2581;13.0;cis''
2582;27.0;dis'''
2583;18.0;fis''
2584;33.0;a'''
2585;2.0;d'
2586;2.0;d'
2587;27.0;dis'''
2588;17.0;f''
2589;12.0;c''
2590;12.0;c''
2591;3.0;dis'
2592;13.0;cis''
2593;34.0;ais'''
2594;4.0;e'
2595;20.0;gis''
2596;33.0;a'''
2597;9.0;a'
2598;5.0;f'
2599;24.0;c'''
2600;19.0;g''
2601;23.0;b''
2602;34.0;ais'''
2603;20.0;gis''
2604;2.0;d'
2605;28.0;e'''
2606;27.0;dis'''
2607;5.0;f'
2608;12.0;c''
2609;9.0;a'
2610;2.0;d'
2611;17.0;f''
2612;32.0;gis'''
2613;22.0;ais''
2614;32.0;gis'''
2615;18.0;fis''
2616;15.0;dis''
2617;23.0;b''
2618;19.0;g''
2619;2.0;d'
2620;29.0;f'''
2621;2.0;d'
2622;25.0;cis'''
2623;18.0;fis''
2624;17.0;f''
2625;34.0;ais'''
2626;1.0;cis'
2627;23.0;b''
2628;32.0;gis'''
2629;12.0;c''
2630;5.0;f'
2631;16.0;e''
2632;14.0;d''
2633;16.0;e''
2634;24.0;c'''
2635;25.0;cis'''
2636;18.0;fis''
2637;15.0;dis''
2638;0.0;c'
2639;30.0;fis'''
2640;18.0;fis''
2641;9.0;a'
2642;17.0;f''
2643;24.0;c'''
2644;1.0;cis'
2645;4.0;e'
2646;7.0;g'
2647;17.0;f''
2648;3.0;dis'
2649;24.0;c'''
2650;6.0;fis'
2651;23.0;b''
2652;6.0;fis'
2653;2.0;d'
2654;18.0;fis''
2655;16.0;e''
2656;31.0;g'''
2657;19.0;g''
2658;33.0;a'''
2659;27.0;dis'''
2660;33.0;a'''
2661;11.0;b'
2662;30.0;fis'''
2663;3.0;dis'
2664;22.0;ais''
2665;9.0;a'
2666;18.0;fis''
2667;13.0;cis''
2668;4.0;e'
2669;34.0;ais'''
2670;10.0;ais'
2671;25.0;cis'''
2672;14.0;d''
2673;18.0;fis''
2674;2.0;d'
2675;5.0;f'
2676;4.0;e'
2677;14.0;d''
2678;3.0;dis'
2679;14.0;d''
2680;21.0;a''
2681;7.0;g'
2682;14.0;d''
2683;21.0;a''
2684;30.0;fis'''
2685;32.0;gis'''
2686;26.0;d'''
2687;3.0;dis'
2688;20.0;gis''
2689;6.0;fis'
2690;1.0;cis'
2691;28.0;e'''
2692;33.0;a'''
2693;29.0;f'''
2694;18.0;fis''
2695;12.0;c''
2696;22.0;ais''
2697;22.0;ais''
2698;5.0;f'
2699;11.0;b'
2700;7.0;g'
2701;10.0;ais'
2702;11.0;b'
2703;27.0;dis'''
2704;21.0;a''
2705;34.0;ais'''
2706;29.0;f'''
2707;21.0;a''
2708;12.0;c''
2709;18.0;fis''
2710;20.0;gis''
2711;18.0;fis''
2712;31.0;g'''
2713;6.0;fis'
2714;11.0;b'
2715;16.0;e''
2716;22.0;ais''
2717;2.0;d'
2718;10.0;ais'
2719;17.0;f''
2720;8.0;gis'
2721;8.0;gis'
2722;13.0;cis''
2723;23.0;b''
2724;9.0;a'
2725;25.0;cis'''
2726;26.0;d'''
2727;11.0;b'
2728;31.0;g'''
2729;28.0;e'''
2730;6.0;fis'
2731;11.0;b'
2732;34.0;ais'''
2733;10.0;ais'
2734;24.0;c'''
2735;0.0;c'
2736;2.0;d'
2737;4.0;e'
2738;10.0;ais'
2739;17.0;f''
2740;9.0;a'
2741;5.0;f'
2742;3.0;dis'
2743;11.0;b'
2744;8.0;gis'
2745;18.0;fis''
2746;12.0;c''
2747;31.0;g'''
2748;6.0;fis'
2749;5.0;f'
2750;15.0;dis''
2751;0.0;c'
2752;18.0;fis''
2753;26.0;d'''
2754;14.0;d''
2755;13.0;cis''
2756;5.0;f'
2757;8.0;gis'
2758;16.0;e''
2759;28.0;e'''
2760;32.0;gis'''
2761;2.0;d'
2762;32.0;gis'''
2763;11.0;b'
2764;5.0;f'
2765;6.0;fis'
2766;19.0;g''
2767;0.0;c'
2768;10.0;ais'
2769;19.0;g''
2770;14.0;d''
2771;2.0;d'
2772;17.0;f''
2773;13.0;cis''
2774;12.0;c''
2775;17.0;f''
2776;15.0;dis''
2777;7.0;g'
2778;5.0;f'
2779;16.0;e''
2780;20.0;gis''
2781;34.0;ais'''
2782;22.0;ais''
2783;0.0;c'
2784;21.0;a''
2785;30.0;fis'''
2786;1.0;cis'
2787;19.0;g''
2788;21.0;a''
2789;19.0;g''
2790;13.0;cis''
2791;17.0;f''
2792;28.0;e'''
2793;31.0;g'''
2794;1.0;cis'
2795;13.0;cis''
2796;23.0;b''
2797;20.0;gis''
2798;19.0;g''
2799;31.0;g'''
2800;0.0;c'
2801;11.0;b'
2802;15.0;dis''
2803;19.0;g''
2804;29.0;f'''
2805;24.0;c'''
2806;21.0;a''
2807;11.0;b'
2808;16.0;e''
2809;17.0;f''
2810;24.0;c'''
2811;25.0;cis'''
2812;8.0;gis'
2813;0.0;c'
2814;7.0;g'
2815;6.0;fis'
2816;32.0;gis'''
2817;16.0;e''
2818;20.0;gis''
2819;21.0;a''
2820;10.0;ais'
2821;17.0;f''
2822;5.0;f'
2823;19.0;g''
2824;28.0;e'''
2825;14.0;d''
2826;31.0;g'''
2827;28.0;e'''
2828;1.0;cis'
2829;3.0;dis'
2830;19.0;g''
2831;19.0;g''
2832;31.0;g'''
2833;11.0;b'
2834;22.0;ais''
2835;3.0;dis'
2836;31.0;g'''
2837;13.0;cis''
2838;1.0;cis'
2839;16.0;e''
2840;24.0;c'''
2841;31.0;g'''
2842;6.0;fis'
2843;18.0;fis''
2844;22.0;ais''
2845;0.0;c'
2846;14.0;d''
2847;31.0;g'''
2848;3.0;dis'
2849;30.0;fis'''
2850;10.0;ais'
2851;18.0;fis''
2852;28.0;e'''
2853;20.0;gis''
2854;24.0;c'''
2855;12.0;c''
2856;11.0;b'
2857;0.0;c'
2858;4.0;e'
2859;25.0;cis'''
2860;22.0;ais''
2861;16.0;e''
2862;5.0;f'
2863;13.0;cis''
2864;20.0;gis''
2865;33.0;a'''
2866;30.0;fis'''
2867;12.0;c''
2868;25.0;cis'''
2869;18.0;fis''
2870;30.0;fis'''
2871;11.0;b'
2872;11.0;b'
2873;3.0;dis'
2874;33.0;a'''
2875;34.0;ais'''
2876;28.0;e'''
2877;9.0;a'
2878;18.0;fis''
2879;21.0;a''
2880;34.0;ais'''
2881;19.0;g''
2882;14.0;d''
2883;25.0;cis'''
2884;0.0;c'
2885;25.0;cis'''
2886;20.0;gis''
2887;23.0;b''
2888;22.0;ais''
2889;20.0;gis''
2890;10.0;ais'
2891;32.0;gis'''
2892;31.0;g'''
2893;32.0;gis'''
2894;15.0;dis''
2895;29.0;f'''
2896;34.0;ais'''
2897;3.0;dis'
2898;6.0;fis'
2899;0.0;c'
2900;12.0;c''
2901;11.0;b'
2902;33.0;a'''
2903;5.0;f'
2904;19.0;g''
2905;19.0;g''
2906;34.0;ais'''
2907;26.0;d'''
2908;18.0;fis''
2909;29.0;f'''
2910;23.0;b''
2911;32.0;gis'''
2912;28.0;e'''
2913;24.0;c'''
2914;19.0;g''
2915;29.0;f'''
2916;17.0;f''
2917;19.0;g''
2918;30.0;fis'''
2919;3.0;dis'
2920;2.0;d'
2921;3.0;dis'
2922;2.0;d'
2923;27.0;dis'''
2924;17.0;f''
2925;28.0;e'''
2926;5.0;f'
2927;15.0;dis''
2928;19.0;g''
2929;2.0;d'
2930;25.0;cis'''
2931;28.0;e'''
2932;5.0;f'
2933;3.0;dis'
2934;1.0;cis'
2935;12.0;c''
2936;2.0;d'
2937;15.0;dis''
2938;18.0;fis''
2939;17.0;f''
2940;32.0;gis'''
2941;31.0;g'''
2942;7.0;g'
2943;8.0;gis'
2944;13.0;cis''
2945;22.0;ais''
2946;24.0;c'''
2947;29.0;f'''
2948;16.0;e''
2949;14.0;d''
2950;7.0;g'
2951;24.0;c'''
2952;13.0;cis''
2953;26.0;d'''
2954;2.0;d'
2955;30.0;fis'''
2956;28.0;e'''
2957;21.0;a''
2958;10.0;ais'
2959;17.0;f''
2960;22.0;ais''
2961;19.0;g''
2962;12.0;c''
2963;26.0;d'''
2964;31.0;g'''
2965;5.0;f'
2966;18.0;fis''
2967;8.0;gis'
2968;11.0;b'
2969;32.0;gis'''
2970;27.0;dis'''
2971;17.0;f''
2972;24.0;c'''
2973;10.0;ais'
2974;34.0;ais'''
2975;15.0;dis''
2976;18.0;fis''
2977;22.0;ais''
2978;21.0;a''
2979;22.0;ais''
2980;31.0;g'''
2981;5.0;f'
2982;11.0;b'
2983;16.0;e''
2984;5.0;f'
2985;19.0;g''
2986;13.0;cis''
2987;17.0;f''
2988;21.0;a''
2989;2.0;d'
2990;12.0;c''
2991;9.0;a'
2992;3.0;dis'
2993;28.0;e'''
2994;19.0;g''
2995;26.0;d'''
2996;33.0;a'''
2997;10.0;ais'
2998;20.0;gis''
2999;32.0;gis'''
